caldt,b30ret,b30ind,b20ret,b20ind,b10ret,b10ind,b7ret,b7ind,b5ret,b5ind,b2ret,b2ind,b1ret,b1ind,t90ret,t90ind,t30ret,t30ind,cpiret,cpiind
19950131,0.026932,562.8561,0.025987,619.3194,0.022922,665.5655,0.017773,681.9473,0.018185,653.1353,0.014517,631.3531,0.01055,638.3418,0.005188,553.4954,0.004156,476.3672,0.004008,353.6
19950228,0.029172,579.2758,0.02696,636.0162,0.030014,685.5418,0.022792,697.4902,0.023423,668.4337,0.014637,640.5942,0.00981,644.6039,0.004816,556.161,0.003983,478.2645,0.003992,355.1
19950331,0.009134,584.5669,0.009477,642.0437,0.007195,690.4742,0.009026,703.7858,0.005893,672.3727,0.005682,644.234,0.00512,647.9043,0.005096,558.9952,0.004134,480.2415,0.003313,356.2
19950428,0.016918,594.4566,0.017695,653.4047,0.016973,702.1937,0.016277,715.2413,0.014167,681.8982,0.009411,650.2969,0.006553,652.15,0.004629,561.5828,0.00445,482.3786,0.003303,357.4
19950531,0.091481,648.8381,0.076715,703.5306,0.0549,740.7441,0.047173,748.9814,0.03794,707.7694,0.019592,663.0376,0.010509,659.0035,0.00549,564.6659,0.005355,484.9618,0.001975,358.1
19950630,0.010426,655.6028,0.012271,712.1637,0.011343,749.1464,0.008489,755.3395,0.008807,714.0027,0.005396,666.6153,0.0056,662.6939,0.005136,567.566,0.004714,487.2479,0.001971,358.8
19950731,-0.022437,640.8931,-0.014392,701.9142,-0.008576,742.7217,-0.004986,751.5733,-0.002987,711.87,0.00402,669.2951,0.004912,665.949,0.004856,570.3221,0.004522,489.4513,0,358.8
19950831,0.022845,655.5343,0.021698,717.1443,0.014105,753.1978,0.013134,761.4445,0.009454,718.6001,0.005882,673.2319,0.005545,669.6417,0.005051,573.2028,0.004637,491.7208,0.002623,359.8
19950929,0.026445,672.8699,0.016986,729.3257,0.012995,762.9856,0.010518,769.4534,0.005559,722.5948,0.004902,676.5321,0.00382,672.1997,0.004328,575.6836,0.004309,493.8396,0.001962,360.5
19951031,0.025703,690.1647,0.027172,749.143,0.016065,775.2429,0.013878,780.1319,0.013628,732.4423,0.008869,682.5322,0.00635,676.4682,0.004808,578.4515,0.004714,496.1676,0.003264,361.6
19951130,0.031042,711.5887,0.024804,767.7247,0.022024,792.3169,0.017123,793.4901,0.016057,744.2031,0.009914,689.2989,0.006272,680.711,0.004469,581.0366,0.004108,498.2061,-0.000651,361.4
19951229,0.028825,732.1003,0.025105,786.9985,0.017912,806.5089,0.015736,805.9764,0.009416,751.2105,0.00757,694.5168,0.005909,684.7333,0.005418,584.1847,0.004882,500.6383,-0.000651,361.2
19960131,-0.004412,728.8703,0.000786,787.617,0.006363,811.6407,0.006716,811.3893,0.009446,758.3065,0.009437,701.071,0.006672,689.3019,0.004883,587.0372,0.004278,502.7799,0.005863,363.3
19960229,-0.059251,685.684,-0.045366,751.886,-0.028964,788.1323,-0.023606,792.2357,-0.013762,747.8707,-0.004858,697.6652,0.001647,690.4372,0.00398,589.3737,0.003908,504.7447,0.003238,364.5
19960329,-0.02051,671.6206,-0.020551,736.434,-0.010249,780.0547,-0.012303,782.4888,-0.010614,739.9327,-0.002462,695.9476,0.001324,691.3513,0.003719,591.5655,0.003943,506.735,0.005165,366.4
19960430,-0.021421,657.2338,-0.016512,724.274,-0.017066,766.7423,-0.007931,776.2829,-0.006609,735.0425,0.000749,696.4688,0.003701,693.91,0.004557,594.2613,0.004579,509.0553,0.003854,367.8
19960531,-0.008201,651.8439,-0.005444,720.331,-0.00588,762.2339,-0.004116,773.0877,-0.002639,733.1028,0.002034,697.8854,0.004302,696.8952,0.004414,596.8844,0.003982,511.0826,0.001919,368.5
19960628,0.017053,662.9597,0.020281,734.9401,0.014535,773.313,0.014371,784.1978,0.011286,741.3765,0.006752,702.5975,0.004751,700.2062,0.004102,599.3328,0.004,513.1269,0.000639,368.7
19960731,-0.002954,661.0014,0.001757,736.2314,0.00053,773.7228,0.002146,785.8806,0.001965,742.8334,0.004428,705.7087,0.004591,703.4208,0.004798,602.2084,0.004497,515.4343,0.001914,369.4
19960830,-0.017676,649.3175,-0.013689,726.1531,-0.00514,769.7459,-0.004141,782.6263,-0.000958,742.1217,0.00296,707.7976,0.005076,706.9914,0.004506,604.9219,0.004122,517.559,0.001911,370.1
19960930,0.030438,669.0814,0.029057,747.253,0.022799,787.2953,0.01855,797.144,0.016095,754.0662,0.009433,714.4742,0.006292,711.4397,0.004822,607.8389,0.004375,519.8233,0.003179,371.3
19961031,0.042653,697.6197,0.04029,777.3598,0.029722,810.6953,0.02291,815.4066,0.020909,769.8329,0.01197,723.0265,0.007251,716.5984,0.004262,610.4295,0.004246,522.0305,0.003169,372.5
19961129,0.03451,721.6946,0.034708,804.3404,0.026511,832.1877,0.020155,831.8411,0.015582,781.8285,0.00739,728.3696,0.005262,720.3692,0.004227,613.0097,0.003941,524.0878,0.001895,373.2
19961231,-0.031496,698.9641,-0.024968,784.2576,-0.021218,814.5303,-0.015193,819.203,-0.011314,772.9829,-0.000112,728.288,0.002863,722.4315,0.004577,615.8155,0.004404,526.3959,0,373.2
19970131,-0.013006,689.8734,-0.006384,779.2509,-0.000088,814.4586,0.003048,821.6999,0.003098,775.3776,0.004703,731.7132,0.004862,725.944,0.004517,618.5971,0.004014,528.5088,0.003153,374.4
19970228,-0.002691,688.0169,-0.000853,778.5862,-0.002146,812.7108,-0.001709,820.2956,-0.001396,774.2951,0.001651,732.9212,0.003557,728.5262,0.003902,621.0109,0.003788,530.5108,0.003143,375.5
19970331,-0.030821,666.8116,-0.023726,760.1134,-0.019247,797.0685,-0.013425,809.2831,-0.010265,766.347,-0.000992,732.1942,0.002222,730.145,0.004282,623.6701,0.00431,532.7973,0.002506,376.5
19970430,0.023397,682.4129,0.022389,777.1317,0.019041,812.2455,0.016208,822.4,0.013136,776.4137,0.008277,738.2546,0.006369,734.7953,0.004844,626.6912,0.004313,535.0953,0.00125,376.9
19970530,0.011362,690.1665,0.011775,786.2823,0.011188,821.3329,0.010218,830.8033,0.009351,783.674,0.00695,743.3854,0.006314,739.4348,0.004837,629.7225,0.004263,537.3764,-0.000624,376.7
19970630,0.022076,705.4027,0.019949,801.9679,0.017494,835.7013,0.011817,840.6209,0.009427,791.0617,0.007522,748.9772,0.006033,743.8958,0.004228,632.3849,0.003744,539.3883,0.001249,377.2
19970731,0.068864,753.9795,0.056907,847.6055,0.040304,869.3834,0.032595,868.0209,0.024703,810.6033,0.011707,757.7454,0.007395,749.3969,0.00453,635.2496,0.004294,541.7043,0.001248,377.6
19970829,-0.03753,725.6826,-0.026807,824.8837,-0.020309,851.7271,-0.012637,857.0517,-0.008012,804.1087,-0.000048,757.7091,0.002864,751.5432,0.004337,638.0047,0.004058,543.9026,0.001869,378.4
19970930,0.034199,750.5003,0.02869,848.5497,0.022409,870.8135,0.018269,872.7092,0.013333,814.8299,0.008374,764.0541,0.006287,756.2681,0.004863,641.1073,0.004576,546.3915,0.002488,379.3
19971031,0.038609,779.4763,0.031945,875.6566,0.024771,892.3844,0.017925,888.3525,0.012638,825.1277,0.007776,769.9954,0.005622,760.5198,0.004169,643.7801,0.003911,548.5285,0.002481,380.2
19971128,0.011381,788.3476,0.013072,887.1032,0.001182,893.4392,0.001886,890.028,0.001143,826.0708,0.001813,771.3914,0.002906,762.7299,0.003986,646.3462,0.003773,550.598,-0.000619,380
19971231,0.025427,808.3929,0.020765,905.5239,0.014809,906.6701,0.013405,901.9588,0.009777,834.1473,0.00796,777.5317,0.006296,767.5321,0.005112,649.6503,0.004629,553.1468,-0.001238,379.5
19980130,0.020613,825.0563,0.018997,922.7261,0.021106,925.8063,0.018328,918.4899,0.018,849.162,0.010187,785.4524,0.006909,772.835,0.004677,652.6887,0.004204,555.4722,0.00186,380.2
19980227,-0.012028,815.1325,-0.007789,915.539,-0.007748,918.6332,-0.004211,914.6221,-0.004779,845.1039,0.000297,785.6857,0.00263,774.8675,0.003693,655.0991,0.003847,557.6091,0.001856,380.9
19980331,0.003499,817.9846,0.004145,919.3339,0.002537,920.9637,0.002037,916.4852,0.002455,847.1786,0.004476,789.2024,0.004674,778.4893,0.004878,658.2947,0.004485,560.11,0.001853,381.6
19980430,0.003052,820.4811,0.001752,920.9445,0.003324,924.025,0.003647,919.8276,0.004828,851.2688,0.00447,792.7301,0.004705,782.152,0.004626,661.34,0.004308,562.523,0.00185,382.4
19980529,0.024234,840.3647,0.019128,938.5604,0.010086,933.3447,0.01023,929.2375,0.00581,856.2146,0.005058,796.7398,0.004342,785.5481,0.004217,664.1288,0.003805,564.6634,0.001846,383.1
19980630,0.03075,866.2059,0.023736,960.838,0.013545,945.9869,0.010974,939.4349,0.007261,862.4316,0.005682,801.2669,0.005285,789.6998,0.004381,667.0384,0.004021,566.9339,0.001229,383.5
19980731,-0.007669,859.563,-0.003381,957.5895,0.000356,946.3237,0.003997,943.1899,0.003747,865.6631,0.004793,805.1073,0.004824,793.5093,0.004372,669.9547,0.003873,569.1297,0.001227,384
19980831,0.060251,911.3525,0.050261,1005.719,0.036926,981.2676,0.034742,975.9581,0.028682,890.4921,0.01617,818.1259,0.008363,800.1454,0.00451,672.9762,0.004012,571.4131,0.001225,384.5
19980930,0.052057,958.7948,0.030753,1036.648,0.052732,1033.012,0.040363,1015.351,0.026988,914.5247,0.012325,828.2093,0.007484,806.1337,0.005102,676.4097,0.003875,573.6273,0.001224,384.9
19981030,-0.022634,937.0934,-0.021293,1014.574,-0.010324,1022.347,-0.002049,1013.27,-0.000174,914.3655,0.004721,832.1193,0.005137,810.2748,0.003809,678.9861,0.003353,575.5507,0.002445,385.9
19981130,0.009539,946.0323,0.013216,1027.983,-0.006612,1015.587,-0.007852,1005.314,-0.004519,910.2335,-0.000709,831.5293,0.001503,811.4926,0.003565,681.4067,0.003233,577.4115,0,385.9
19981231,0.000421,946.4306,-0.004155,1023.712,0.009652,1025.39,0.004534,1009.872,0.001768,911.8428,0.003025,834.0447,0.003931,814.6826,0.003951,684.099,0.003779,579.5938,-0.00061,385.6
19990129,0.005448,951.5868,0.00989,1033.836,0.003291,1028.764,0.003539,1013.446,0.006471,917.7434,0.003584,837.0339,0.003757,817.7434,0.003572,686.5426,0.003494,581.6188,0.002441,386.6
19990226,-0.074451,880.7402,-0.049889,982.2592,-0.044006,983.4925,-0.03306,979.9416,-0.025961,893.9178,-0.006687,831.4367,-0.000219,817.5643,0.003042,688.631,0.003372,583.5801,0.001217,387.1
19990331,-0.001208,879.6762,-0.000689,981.5824,0.00863,991.98,0.004933,984.7756,0.008904,901.8773,0.00804,838.1214,0.00659,822.952,0.004331,691.6135,0.004076,585.9588,0.00304,388.2
19990430,-0.000682,879.0763,0.003155,984.6793,-0.003474,988.5339,0.003685,988.4045,0.002303,903.9543,0.002924,840.5721,0.003813,826.0899,0.003557,694.0735,0.003784,588.176,0.007273,391.1
19990528,-0.019173,862.2218,-0.014986,969.9229,-0.022526,966.2661,-0.016908,971.6926,-0.013215,892.0086,-0.001816,839.0456,0.001017,826.9301,0.003504,696.5056,0.003463,590.2129,0,391.1
19990630,-0.013874,850.2593,-0.013139,957.1791,-0.007152,959.3554,0.000656,972.33,0.003198,894.8612,0.00352,841.9991,0.004703,830.8191,0.004475,699.6224,0.004098,592.6316,0,391.1
19990730,-0.014075,838.2919,-0.006544,950.9153,-0.004171,955.3539,-0.005485,966.9968,0.000352,895.1762,0.002404,844.0232,0.004497,834.5553,0.004142,702.5203,0.003658,594.7994,0.003008,392.2
19990831,-0.00457,834.4609,-0.003605,947.4872,-0.00452,951.0357,0.000206,967.196,0.001926,896.9003,0.003621,847.0794,0.00363,837.5848,0.00417,705.4498,0.003876,597.1048,0.0024,393.2
19990930,0.006406,839.8064,0.007494,954.5878,0.012027,962.4739,0.010357,977.2132,0.009743,905.6388,0.006687,852.7439,0.005627,842.2979,0.004565,708.6702,0.003705,599.3173,0.004788,395.1
19991029,-0.010535,830.9591,-0.001441,953.2122,-0.006109,956.5941,-0.000302,976.9181,-0.001126,904.619,0.001057,853.6452,0.002891,844.7329,0.00394,711.4623,0.003581,601.4635,0.001787,395.8
19991130,-0.011198,821.654,-0.003845,949.5471,-0.00659,950.2901,-0.001206,975.74,-0.000905,903.8004,0.001505,854.9299,0.002745,847.0517,0.004302,714.523,0.003811,603.7556,0.000595,396
19991231,-0.019614,805.5381,-0.015267,935.0503,-0.012402,938.5046,-0.008395,967.5487,-0.004854,899.4133,0.001144,855.908,0.003245,849.8004,0.004551,717.7748,0.003764,606.0283,0,396
20000131,0.004486,809.1518,0.017036,950.9799,-0.009799,929.3082,-0.005052,962.6606,-0.005587,894.3883,-0.001417,854.6951,0.002476,851.9045,0.004339,720.8893,0.004343,608.6602,0.002971,397.2
20000229,0.036782,838.9139,0.030678,980.154,0.0136,941.9468,0.009505,971.8107,0.009169,902.5889,0.006842,860.543,0.005797,856.843,0.004262,723.9617,0.004295,611.2745,0.005924,399.5
20000331,0.048656,879.7321,0.034984,1014.444,0.034752,974.6814,0.027027,998.0758,0.017635,918.5061,0.006593,866.2165,0.005338,861.4168,0.004793,727.4316,0.004377,613.9502,0.008245,402.8
20000428,-0.013471,867.8813,-0.007828,1006.503,-0.010026,964.9092,-0.006717,991.3717,-0.004274,914.5804,0.001496,867.5124,0.003549,864.474,0.004941,731.0259,0.004595,616.7713,0.000584,403.1
20000531,-0.00088,867.1176,-0.004246,1002.229,0.001771,966.618,0.005836,997.1574,0.004903,919.0646,0.004925,871.7849,0.004305,868.1955,0.006164,735.5319,0.004782,619.7207,0.001168,403.5
20000630,0.020563,884.9481,0.020999,1023.275,0.022074,987.9552,0.019042,1016.145,0.018501,936.0682,0.011403,881.7258,0.007794,874.9623,0.004348,738.73,0.003744,622.041,0.005248,405.6
20000731,0.020272,902.8878,0.018508,1042.214,0.00464,992.5393,0.008591,1024.875,0.0072,942.8079,0.006752,887.6793,0.005483,879.7597,0.004468,742.0307,0.004772,625.0093,0.00232,406.6
20000831,0.020774,921.6443,0.022423,1065.583,0.016603,1009.018,0.015843,1041.112,0.013304,955.351,0.007772,894.5783,0.005976,885.0171,0.005156,745.8566,0.005002,628.1357,0,406.6
20000929,-0.024577,898.9931,-0.013494,1051.204,-0.001323,1007.683,0.007017,1048.418,0.010004,964.9083,0.007983,901.7197,0.005337,889.7405,0.005281,749.7954,0.005093,631.3348,0.005208,408.7
20001031,0.018404,915.5382,0.017418,1069.514,0.008647,1016.397,0.009339,1058.209,0.008094,972.7183,0.006054,907.1787,0.004956,894.15,0.005153,753.6591,0.005217,634.6285,0.001727,409.4
20001130,0.029119,942.1977,0.030494,1102.128,0.025641,1042.458,0.024855,1084.51,0.016327,988.5999,0.010289,916.5127,0.006788,900.2195,0.005437,757.7568,0.004966,637.7802,0.000575,409.6
20001229,0.02645,967.1189,0.026133,1130.93,0.030723,1074.486,0.023028,1109.485,0.023355,1011.689,0.012919,928.3531,0.009996,909.2181,0.005512,761.9335,0.004909,640.911,-0.000574,409.4
20010131,-0.001917,965.2649,0.002511,1133.769,0.004164,1078.96,0.011923,1122.713,0.01351,1025.357,0.013519,940.9036,0.012048,920.1724,0.0069,767.1909,0.005243,644.2713,0.006322,412
20010228,0.014203,978.9746,0.018639,1154.902,0.011636,1091.515,0.012849,1137.139,0.01131,1036.953,0.006873,947.3704,0.004732,924.5266,0.003967,770.2343,0.003653,646.6249,0.003998,413.6
20010330,-0.014758,964.5269,-0.007316,1146.453,0.00275,1094.516,0.006763,1144.829,0.008259,1045.518,0.007193,954.1848,0.007367,931.3376,0.004678,773.8375,0.00432,649.4183,0.002275,414.6
20010430,-0.043105,922.9509,-0.031123,1110.772,-0.027449,1064.473,-0.015447,1127.145,-0.008237,1036.906,0.002154,956.2401,0.004721,935.7345,0.00447,777.2965,0.003864,651.9276,0.003973,416.2
20010531,0.008805,931.0775,0.003703,1114.885,0.001373,1065.935,0.003136,1130.68,0.002011,1038.991,0.005381,961.3856,0.006094,941.4368,0.003853,780.2915,0.003183,654.0029,0.004522,418.1
20010629,0.004153,934.9442,0.005339,1120.837,0.002161,1068.238,0.001581,1132.467,0.00223,1041.308,0.003227,964.488,0.002773,944.0474,0.003001,782.6331,0.002778,655.8197,0.001688,418.8
20010731,0.038582,971.0163,0.038935,1164.477,0.030526,1100.847,0.028164,1164.362,0.022406,1064.639,0.01311,977.1325,0.007754,951.3676,0.003305,785.2197,0.002999,657.7865,-0.002809,417.6
20010831,0.026989,997.223,0.0236,1191.959,0.015065,1117.431,0.014634,1181.401,0.011976,1077.389,0.007129,984.0984,0.004845,955.977,0.003284,787.7984,0.002996,659.7575,0,417.6
20010928,-0.00266,994.5704,0.004898,1197.797,0.022599,1142.684,0.025211,1211.186,0.023823,1103.056,0.017807,1001.622,0.010444,965.9612,0.004224,791.126,0.00273,661.5587,0.004507,419.5
20011031,0.088895,1082.983,0.05198,1260.058,0.031821,1179.046,0.028631,1245.863,0.020708,1125.898,0.012043,1013.685,0.007903,973.5952,0.002545,793.1395,0.002154,662.9837,-0.003365,418.1
20011130,-0.055366,1023.022,-0.051658,1194.966,-0.035211,1137.53,-0.029733,1208.82,-0.018299,1105.295,-0.005276,1008.337,0.001236,974.7985,0.002106,794.8098,0.001749,664.1432,-0.001688,417.4
20011231,-0.022782,999.7158,-0.014911,1177.148,-0.017354,1117.789,-0.0124,1193.831,-0.009027,1095.318,0.00025,1008.589,0.002073,976.8193,0.001592,796.0751,0.001484,665.1288,-0.003946,415.8
20020131,0.010098,1009.811,0.011488,1190.671,0.004609,1122.941,0.005779,1200.73,0.003923,1099.615,0.002636,1011.247,0.000687,977.4904,0.001488,797.2597,0.00139,666.0537,0.002264,416.7
20020228,0.006827,1016.705,0.012538,1205.6,0.012027,1136.447,0.01298,1216.315,0.011665,1112.442,0.0054,1016.708,0.003139,980.5587,0.001373,798.3543,0.001285,666.9095,0.003953,418.4
20020328,-0.050435,965.4275,-0.040447,1156.837,-0.03679,1094.637,-0.029495,1180.44,-0.023253,1086.574,-0.008508,1008.058,-0.002648,977.9622,0.001376,799.4529,0.001341,667.8039,0.005624,420.7
20020430,0.036252,1000.426,0.040135,1203.266,0.029382,1126.8,0.028622,1214.227,0.023723,1112.351,0.013578,1021.745,0.007708,985.5003,0.001669,800.7871,0.001546,668.8363,0.005593,423.1
20020531,0.002146,1002.573,0.001533,1205.111,0.008136,1135.967,0.011315,1227.966,0.010847,1124.417,0.004414,1026.255,0.002214,987.6822,0.001607,802.074,0.001442,669.8005,0,423.1
20020628,0.018716,1021.337,0.018251,1227.106,0.021555,1160.453,0.018485,1250.664,0.016332,1142.781,0.00943,1035.933,0.005796,993.4068,0.001432,803.2226,0.001312,670.6793,0.000556,423.3
20020731,0.035049,1057.134,0.030021,1263.944,0.03077,1196.16,0.030141,1288.361,0.028037,1174.821,0.015878,1052.381,0.005072,998.4454,0.001556,804.4724,0.001507,671.69,0.001112,423.8
20020830,0.06011,1120.678,0.045547,1321.513,0.030178,1232.258,0.022089,1316.819,0.016825,1194.587,0.004572,1057.193,0.000968,999.4119,0.001467,805.6526,0.001402,672.6317,0.003331,425.2
20020930,0.042904,1168.76,0.041489,1376.342,0.04689,1290.039,0.036019,1364.25,0.030206,1230.671,0.010101,1067.872,0.004035,1003.445,0.001606,806.9464,0.001414,673.5828,0.00166,425.9
20021031,-0.041985,1119.69,-0.028103,1337.662,-0.020221,1263.953,-0.008435,1352.742,-0.003478,1226.391,0.002358,1070.39,0.002565,1006.018,0.001475,808.1367,0.001334,674.4817,0.001657,426.6
20021129,-0.003344,1115.945,-0.011966,1321.656,-0.021163,1237.204,-0.019251,1326.701,-0.017077,1205.447,-0.005049,1064.985,-0.000347,1005.669,0.001557,809.395,0.001166,675.2681,0,426.6
20021231,0.042637,1163.526,0.044021,1379.836,0.035968,1281.703,0.034456,1372.414,0.028048,1239.258,0.010979,1076.678,0.00448,1010.175,0.001199,810.3654,0.001079,675.9967,-0.002206,425.6
20030131,-0.004782,1157.962,-0.004343,1373.844,-0.008285,1271.085,-0.007164,1362.582,-0.006167,1231.615,0.000875,1077.62,0.000443,1010.622,0.001084,811.2439,0.000934,676.6283,0.004422,427.5
20030228,0.029008,1191.552,0.030871,1416.256,0.02623,1304.425,0.021521,1391.906,0.016693,1252.175,0.005203,1083.227,0.001683,1012.323,0.00085,811.9334,0.000871,677.2176,0.007705,430.8
20030331,-0.01793,1170.188,-0.011278,1400.283,-0.005652,1297.052,-0.002253,1388.77,0.00002,1252.2,0.0019,1085.285,0.002141,1014.49,0.001198,812.9061,0.00102,677.9083,0.006008,433.4
20030430,0.011381,1183.505,0.009585,1413.705,-0.000069,1296.963,0.0024,1392.103,0.001737,1254.375,0.001626,1087.05,0.001039,1015.544,0.00093,813.6621,0.000939,678.5449,-0.002172,432.5
20030530,0.064188,1259.472,0.057641,1495.192,0.042457,1352.028,0.03375,1439.086,0.025215,1286.004,0.004609,1092.06,0.001078,1016.639,0.000958,814.4416,0.000903,679.1576,-0.001632,431.8
20030630,-0.023214,1230.235,-0.01402,1474.23,-0.009082,1339.749,-0.004886,1432.055,-0.002791,1282.415,0.002131,1094.387,0.002162,1018.837,0.001439,815.6136,0.000984,679.8259,0.00109,432.2
20030731,-0.104917,1101.162,-0.093603,1336.237,-0.066819,1250.228,-0.046952,1364.817,-0.03069,1243.057,-0.006811,1086.933,-0.000905,1017.915,0.000746,816.222,0.000674,680.2843,0.001089,432.7
20030829,0.023022,1126.513,0.009902,1349.469,0.004672,1256.069,-0.000653,1363.926,-0.002624,1239.796,-0.002283,1084.452,0.000532,1018.457,0.000717,816.8073,0.000689,680.753,0.003806,434.4
20030930,0.055228,1188.728,0.058097,1427.869,0.046768,1314.813,0.04035,1418.96,0.033421,1281.231,0.01204,1097.508,0.003814,1022.341,0.001072,817.6829,0.000865,681.3419,0.00325,435.8
20031031,-0.031384,1151.421,-0.029366,1385.938,-0.024426,1282.698,-0.018579,1392.597,-0.014593,1262.534,-0.0051,1091.911,-0.000772,1021.552,0.000774,818.3158,0.0007,681.8192,-0.00108,435.3
20031128,0.004057,1156.093,0.003887,1391.325,0.001662,1284.829,-0.000094,1392.466,-0.000681,1261.674,-0.001446,1090.332,-0.000455,1021.087,0.000804,818.9737,0.000725,682.3134,-0.002703,434.1
20031231,0.013211,1171.366,0.016052,1413.659,0.010314,1298.081,0.011373,1408.303,0.010046,1274.349,0.006834,1097.784,0.003836,1025.004,0.000971,819.7689,0.000831,682.8804,-0.001084,433.6
20040130,0.019525,1194.237,0.015763,1435.942,0.012969,1314.916,0.009444,1421.603,0.005584,1281.465,0.002965,1101.038,0.001233,1026.268,0.000868,820.4805,0.000696,683.3557,0.004883,435.8
20040227,0.021635,1220.074,0.023563,1469.777,0.017485,1337.907,0.01592,1444.235,0.012425,1297.387,0.00532,1106.896,0.001592,1027.902,0.000663,821.0245,0.000623,683.7815,0.0054,438.1
20040331,0.014178,1237.372,0.013929,1490.25,0.014356,1357.114,0.012258,1461.938,0.011274,1312.014,0.003396,1110.655,0.00141,1029.351,0.000918,821.7782,0.000844,684.3586,0.006445,440.9
20040430,-0.067295,1154.103,-0.059584,1401.455,-0.0491,1290.48,-0.040496,1402.736,-0.033809,1267.656,-0.012968,1096.252,-0.00331,1025.944,0.000816,822.4487,0.000795,684.9026,0.003202,442.4
20040528,-0.003441,1150.132,-0.0041,1395.709,-0.006668,1281.875,-0.004916,1395.84,-0.004927,1261.41,-0.001439,1094.675,-0.000371,1025.563,0.000749,823.0647,0.000603,685.3156,0.005851,444.9
20040630,0.011977,1163.907,0.013616,1414.713,0.01011,1294.835,0.008733,1408.03,0.00557,1268.436,0.000646,1095.382,0.0002,1025.768,0.000819,823.7388,0.000817,685.8755,0.003173,446.4
20040730,0.016703,1183.348,0.014664,1435.458,0.012083,1310.48,0.00959,1421.533,0.007603,1278.08,0.003181,1098.866,0.001789,1027.603,0.000896,824.4769,0.000919,686.5059,-0.001581,445.6
20040831,0.043186,1234.452,0.039549,1492.229,0.032191,1352.666,0.026443,1459.122,0.020377,1304.123,0.008366,1108.059,0.003512,1031.212,0.001258,825.5141,0.001116,687.272,0.000528,445.9
20040930,0.009077,1245.657,0.008695,1505.204,0.002804,1356.459,0.00204,1462.099,0.000598,1304.903,-0.001396,1106.512,-0.000269,1030.935,0.001327,826.6096,0.001185,688.0862,0.002111,446.8
20041029,0.01872,1268.976,0.015813,1529.006,0.011145,1371.577,0.008994,1475.249,0.006911,1313.921,0.003467,1110.349,0.001553,1032.536,0.001111,827.5279,0.001129,688.8631,0.005266,449.2
20041130,-0.025773,1236.27,-0.022469,1494.651,-0.017663,1347.35,-0.018028,1448.653,-0.014843,1294.419,-0.00572,1103.997,-0.002025,1030.445,0.001474,828.7477,0.001541,689.9246,0.000524,449.4
20041231,0.029946,1273.292,0.024136,1530.726,0.013398,1365.402,0.011803,1465.752,0.00749,1304.114,0.001828,1106.016,0.001464,1031.954,0.002104,830.4914,0.001672,691.0779,-0.003665,447.8
20050131,0.038437,1322.233,0.028471,1574.307,0.009351,1378.17,0.004691,1472.627,0.000411,1304.65,-0.000905,1105.015,0.000604,1032.577,0.00169,831.8949,0.001661,692.2258,0.002102,448.7
20050228,-0.015657,1301.531,-0.014668,1551.215,-0.013112,1360.099,-0.012305,1454.507,-0.010545,1290.893,-0.002707,1102.023,-0.000387,1032.177,0.001613,833.2368,0.001641,693.3617,0.005768,451.3
20050331,-0.00093,1300.321,-0.004377,1544.425,-0.004518,1353.955,-0.003489,1449.432,-0.002861,1287.199,0.000109,1102.143,0.001544,1033.771,0.002385,835.224,0.002123,694.8336,0.007821,454.8
20050429,0.039067,1351.12,0.035333,1598.994,0.026104,1389.298,0.020601,1479.292,0.015349,1306.957,0.006062,1108.825,0.003691,1037.587,0.002189,837.0523,0.002072,696.2733,0.006725,457.9
20050531,0.032511,1395.047,0.03217,1650.434,0.018363,1414.81,0.020712,1509.931,0.010154,1320.227,0.004763,1114.106,0.003251,1040.96,0.002672,839.2889,0.002395,697.9409,-0.001028,457.4
20050630,0.022747,1426.78,0.017606,1679.492,0.009046,1427.608,0.002256,1513.337,0.004573,1326.265,0.001778,1116.087,0.001802,1042.836,0.002256,841.1824,0.002263,699.5206,0.000514,457.6
20050729,-0.036368,1374.891,-0.031633,1626.364,-0.021346,1397.135,-0.020219,1482.739,-0.01506,1306.291,-0.004307,1111.28,-0.000608,1042.202,0.002114,842.9606,0.002383,701.1876,0.004627,459.8
20050831,0.035543,1423.758,0.032788,1679.689,0.020806,1426.203,0.018484,1510.146,0.015683,1326.778,0.007228,1119.312,0.004896,1047.304,0.003081,845.5578,0.00292,703.235,0.005118,462.1
20050930,-0.041069,1365.286,-0.033298,1623.759,-0.018281,1400.131,-0.017388,1483.888,-0.012072,1310.761,-0.003314,1115.603,-0.00006,1047.241,0.003136,848.2095,0.002848,705.2379,0.01222,467.8
20051031,-0.022459,1334.623,-0.019975,1591.325,-0.011898,1383.472,-0.011174,1467.307,-0.008743,1299.301,-0.000763,1114.752,0.001098,1048.391,0.002667,850.4716,0.002728,707.1618,0.002012,468.7
20051130,0.012485,1351.286,0.007972,1604.011,0.006295,1392.181,0.006018,1476.137,0.004314,1304.906,0.003289,1118.418,0.002993,1051.529,0.003393,853.3573,0.003045,709.3151,-0.008032,464.9
20051230,0.026477,1387.064,0.027379,1647.927,0.011198,1407.771,0.010786,1492.059,0.005806,1312.482,0.003983,1122.873,0.003666,1055.384,0.00317,856.0624,0.00316,711.5563,-0.004049,463.1
20060131,-0.015976,1364.904,-0.011112,1629.615,-0.004563,1401.347,-0.004991,1484.612,-0.002261,1309.515,0.001664,1124.741,0.001937,1057.428,0.003212,858.8121,0.003488,714.0382,0.007622,466.6
20060228,0.012809,1382.387,0.008721,1643.827,0.000153,1401.561,-0.002072,1481.536,-0.001712,1307.273,0.000597,1125.413,0.002138,1059.689,0.00327,861.6204,0.003322,716.4103,0.002017,467.5
20060331,-0.055518,1305.64,-0.040187,1577.766,-0.019782,1373.836,-0.010402,1466.125,-0.006159,1299.222,0.001006,1126.545,0.002633,1062.479,0.003923,865.0006,0.003642,719.0196,0.005536,470.1
20060428,-0.038002,1256.023,-0.024514,1539.089,-0.008795,1361.753,-0.004494,1459.536,-0.001292,1297.543,0.002915,1129.829,0.003109,1065.782,0.00334,867.8897,0.003559,721.5787,0.008509,474.1
20060531,-0.005631,1248.95,-0.001525,1536.742,-0.001047,1360.327,-0.001838,1456.853,-0.00181,1295.194,0.001361,1131.366,0.002628,1068.583,0.004294,871.6164,0.004195,724.6057,0.004963,476.5
20060630,0.010872,1262.529,0.01062,1553.062,0.003077,1364.513,0.003175,1461.479,0.000956,1296.433,0.0015,1133.063,0.002458,1071.21,0.003842,874.9651,0.00397,727.4824,0.001975,477.4
20060731,0.023037,1291.614,0.021198,1585.984,0.016418,1386.915,0.015436,1484.038,0.013136,1313.463,0.008253,1142.415,0.005809,1077.433,0.004207,878.6461,0.003976,730.3748,0.002957,478.8
20060831,0.033521,1334.91,0.028996,1631.971,0.021575,1416.838,0.016606,1508.682,0.013386,1331.045,0.0073,1150.754,0.005217,1083.054,0.004477,882.5798,0.004283,733.5032,0.001966,479.8
20060929,0.022313,1364.696,0.017554,1660.619,0.011343,1432.909,0.010171,1524.027,0.007946,1341.621,0.004989,1156.495,0.004391,1087.809,0.004418,886.479,0.004047,736.4717,-0.004904,477.4
20061031,0.011512,1380.406,0.00811,1674.086,0.007074,1443.046,0.00576,1532.805,0.00399,1346.974,0.003894,1160.999,0.003965,1092.122,0.003932,889.9647,0.004076,739.4736,-0.005421,474.8
20061130,0.028752,1420.095,0.020207,1707.915,0.013674,1462.778,0.011619,1550.615,0.008574,1358.523,0.005344,1167.203,0.004218,1096.729,0.004312,893.8022,0.004243,742.611,-0.001487,474.1
20061229,-0.035085,1370.271,-0.02417,1666.634,-0.015746,1439.745,-0.01155,1532.705,-0.00749,1348.348,-0.000605,1166.497,0.002285,1099.235,0.004088,897.4561,0.004036,745.6082,0.001489,474.8
20070131,-0.010679,1355.638,-0.007534,1654.078,-0.0036,1434.562,-0.001775,1529.985,-0.000763,1347.319,0.001951,1168.773,0.003995,1103.626,0.00441,901.4139,0.004328,748.8351,0.003053,476.3
20070228,0.035901,1404.307,0.028796,1701.709,0.019999,1463.252,0.018779,1558.716,0.015508,1368.213,0.008344,1178.525,0.005063,1109.214,0.003807,904.8455,0.003837,751.7084,0.00535,478.8
20070330,-0.021418,1374.23,-0.01211,1681.101,-0.002247,1459.964,0.001164,1560.531,0.003053,1372.39,0.004382,1183.689,0.003904,1113.544,0.004365,908.7952,0.004257,754.9085,0.009106,483.2
20070430,0.008677,1386.154,0.008095,1694.71,0.006799,1469.89,0.005634,1569.323,0.004387,1378.411,0.003723,1188.096,0.003403,1117.334,0.004529,912.9111,0.004348,758.1908,0.006496,486.3
20070531,-0.025944,1350.191,-0.020529,1659.919,-0.014483,1448.602,-0.013946,1547.437,-0.011059,1363.167,-0.001889,1185.852,0.002538,1120.17,0.004487,917.0074,0.004046,761.2587,0.006111,489.3
20070629,-0.013263,1332.284,-0.008926,1645.102,-0.006804,1438.745,-0.001106,1545.726,0.000799,1364.256,0.004189,1190.819,0.004246,1124.926,0.003801,920.4929,0.003918,764.2413,0.001938,490.2
20070731,0.039013,1384.26,0.030381,1695.082,0.023884,1473.108,0.021695,1579.26,0.018827,1389.941,0.010287,1203.069,0.006321,1132.037,0.004037,924.2089,0.003962,767.2692,-0.000254,490.1
20070831,0.014998,1405.021,0.017484,1724.719,0.01713,1498.343,0.022029,1614.05,0.017403,1414.13,0.010008,1215.11,0.007002,1139.963,0.005694,929.4713,0.004205,770.4957,-0.001834,489.2
20070928,0.00233,1408.295,0.001447,1727.215,-0.00044,1497.684,0.002781,1618.538,0.004294,1420.203,0.006878,1223.467,0.005447,1146.172,0.003905,933.1009,0.003347,773.0745,0.002756,490.6
20071031,0.018432,1434.253,0.01578,1754.47,0.013082,1517.276,0.009846,1634.474,0.007296,1430.564,0.004278,1228.701,0.003567,1150.261,0.003145,936.0356,0.003212,775.5576,0.002139,491.6
20071130,0.062646,1524.103,0.048778,1840.05,0.044192,1584.328,0.039726,1699.405,0.037483,1484.186,0.020658,1254.084,0.011388,1163.36,0.004658,940.3956,0.003395,778.1906,0.00594,494.5
20071231,-0.00874,1510.782,-0.006067,1828.886,-0.003627,1578.581,0.001302,1701.618,0.000672,1485.184,0.001824,1256.371,0.001147,1164.694,0.002879,943.103,0.002921,780.4637,-0.000671,494.2
20080131,0.025452,1549.235,0.025689,1875.869,0.038355,1639.128,0.036982,1764.547,0.033951,1535.607,0.020304,1281.88,0.013061,1179.906,0.005008,947.8261,0.00243,782.3602,0.004971,496.7
20080229,-0.00759,1537.476,0.000404,1876.626,0.009265,1654.314,0.014976,1790.973,0.014841,1558.397,0.009926,1294.604,0.005399,1186.277,0.001676,949.4146,0.001325,783.3968,0.002904,498.1
20080331,0.022067,1571.403,0.012042,1899.225,0.011256,1672.935,0.017594,1822.484,0.004523,1565.446,0.003037,1298.536,0.002887,1189.702,0.00243,951.7217,0.001869,784.861,0.008668,502.4
20080430,-0.025128,1531.917,-0.018873,1863.381,-0.016442,1645.429,-0.029068,1769.508,-0.023902,1528.028,-0.012268,1282.606,-0.002938,1186.206,0.001126,952.7933,0.001025,785.6654,0.006065,505.5
20080530,-0.036625,1475.811,-0.029605,1808.215,-0.018756,1614.567,-0.018669,1736.473,-0.015239,1504.743,-0.005992,1274.92,-0.001104,1184.897,0.000221,953.0039,0.000946,786.4087,0.008421,509.7
20080630,0.036209,1529.248,0.023758,1851.175,0.010754,1631.93,0.014134,1761.016,0.007028,1515.318,0.003551,1279.448,0.001278,1186.411,0.001831,954.7488,0.00175,787.7849,0.010077,514.9
20080731,-0.00412,1522.948,-0.000827,1849.644,0.005155,1640.343,0.009349,1777.48,0.007249,1526.303,0.00523,1286.139,0.003177,1190.18,0.00172,956.391,0.00144,788.9194,0.005251,517.6
20080829,0.0285,1566.352,0.023764,1893.599,0.015313,1665.461,0.012839,1800.301,0.008864,1539.832,0.004534,1291.97,0.002366,1192.996,0.001413,957.7424,0.001282,789.9308,-0.003992,515.5
20080930,0.022345,1601.352,0.007784,1908.339,0.000875,1666.919,0.003465,1806.539,0.009199,1553.997,0.010026,1304.924,0.005113,1199.096,0.002546,960.1808,0.00153,791.1393,-0.001383,514.8
20081031,-0.007043,1590.074,-0.036296,1839.074,-0.028592,1619.258,-0.007144,1793.633,0.010844,1570.848,0.012592,1321.355,0.005218,1205.353,0.001208,961.3407,0.000792,791.7662,-0.010101,509.6
20081128,0.174083,1866.879,0.144461,2104.748,0.085378,1757.507,0.081895,1940.522,0.045233,1641.902,0.012121,1337.371,0.00717,1213.995,0.001024,962.3251,0.000228,791.9467,-0.019153,499.8
20081231,0.146556,2140.481,0.091421,2297.166,0.056872,1857.46,0.036706,2011.751,0.023039,1679.73,0.006517,1346.087,0.00389,1218.718,0.000063,962.3858,0.000029,791.9697,-0.010342,494.7
20090130,-0.147382,1825.012,-0.105931,2053.825,-0.044454,1774.889,-0.029484,1952.437,-0.016891,1651.358,-0.004086,1340.587,-0.001545,1216.835,-0.000038,962.3492,0.000023,791.9879,0.004352,496.8
20090227,-0.016446,1794.998,-0.004178,2045.244,-0.00192,1771.481,-0.011374,1930.23,-0.005036,1643.042,-0.000711,1339.634,-0.001389,1215.145,0.00028,962.6187,0.000147,792.1043,0.004973,499.3
20090331,0.035148,1858.089,0.057347,2162.533,0.032915,1829.789,0.032182,1992.348,0.018724,1673.806,0.005159,1346.545,0.001434,1216.887,0.000351,962.9565,0.000159,792.2302,0.002432,500.5
20090430,-0.084485,1701.108,-0.061338,2029.887,-0.035787,1764.306,-0.024371,1943.793,-0.01675,1645.77,-0.001117,1345.041,0.001908,1219.209,0.000359,963.3022,0.000125,792.3293,0.002496,501.7
20090529,-0.045685,1623.393,-0.025809,1977.498,-0.016442,1735.298,-0.019651,1905.595,-0.013248,1623.967,0.000831,1346.159,0.000361,1219.649,0.000118,963.4159,0.000017,792.3428,0.002889,503.2
20090630,0.004932,1631.4,0.006795,1990.935,0.002851,1740.245,-0.005562,1894.997,-0.007311,1612.094,-0.002294,1343.071,0.000567,1220.341,0.000108,963.52,0.000075,792.4022,0.00859,507.5
20090731,0.008809,1645.771,0.007232,2005.334,0.008263,1754.625,0.008512,1911.127,0.006035,1621.823,0.00192,1345.649,0.001105,1221.689,0.000196,963.7088,0.000119,792.4963,-0.001586,506.7
20090831,0.024428,1685.974,0.020938,2047.321,0.010147,1772.429,0.010546,1931.282,0.009517,1637.258,0.004433,1351.615,0.001488,1223.507,0.000241,963.941,0.000116,792.5882,0.002243,507.8
20090930,0.024703,1727.622,0.016535,2081.174,0.010324,1790.727,0.010792,1952.124,0.006463,1647.839,0.002416,1354.88,0.000799,1224.484,0.00025,964.182,0.000079,792.6509,0.000625,508.2
20091030,-0.024908,1684.591,-0.01416,2051.704,-0.003575,1784.326,0.002101,1956.225,0.003621,1653.806,0.002946,1358.872,-0.000021,1224.459,0.000195,964.37,0.00004,792.6825,0.000963,508.7
20091130,0.007072,1696.504,0.01841,2089.476,0.018977,1818.187,0.02212,1999.497,0.018421,1684.271,0.006743,1368.034,0.001892,1226.775,0.000104,964.4703,0.000004,792.6857,0.000708,509
20091231,-0.065864,1584.765,-0.054419,1975.769,-0.037937,1749.21,-0.038514,1922.488,-0.027479,1637.989,-0.00697,1358.499,-0.001166,1225.345,0.000066,964.534,0.000062,792.7352,-0.001761,508.1
20100129,0.027461,1628.285,0.029431,2033.918,0.020794,1785.583,0.023747,1968.142,0.018564,1668.396,0.008927,1370.626,0.003246,1229.322,0.000062,964.5938,0.000028,792.7575,0.003417,509.9
20100226,-0.007626,1615.867,-0.002964,2027.889,0.002013,1789.178,0.003708,1975.44,0.004494,1675.894,0.001837,1373.144,-0.000473,1228.741,0.000015,964.6083,0.00001,792.7653,0.000249,510
20100331,-0.020687,1582.44,-0.013103,2001.318,-0.014016,1764.101,-0.010011,1955.663,-0.007727,1662.944,-0.001592,1370.958,-0.000869,1227.673,0.000042,964.6488,0.000068,792.8193,0.004106,512.1
20100430,0.035549,1638.694,0.029069,2059.494,0.016503,1793.214,0.013512,1982.088,0.009075,1678.036,0.002381,1374.223,0.000162,1227.872,0.000129,964.7732,0.000111,792.9073,0.001737,513
20100528,0.05364,1726.594,0.040848,2143.62,0.025297,1838.576,0.025802,2033.23,0.015079,1703.339,0.005645,1381.98,0.000695,1228.726,0.000129,964.8977,0.000112,792.9961,0.000775,513.4
20100630,0.059837,1829.908,0.044813,2239.682,0.033857,1900.825,0.024763,2083.579,0.018377,1734.641,0.004265,1387.874,0.001116,1230.097,0.000118,965.0115,0.000127,793.0968,-0.000976,512.9
20100730,-0.013921,1804.434,-0.000159,2239.326,0.007935,1915.908,0.009597,2103.575,0.011016,1753.75,0.001881,1390.485,0.000856,1231.15,0.000176,965.1814,0.000142,793.2094,0.000211,513
20100831,0.087291,1961.945,0.073081,2402.978,0.035527,1983.975,0.022601,2151.118,0.013728,1777.825,0.001747,1392.914,0.001025,1232.412,0.000145,965.3213,0.000126,793.3094,0.001381,513.7
20100930,-0.02762,1907.756,-0.017073,2361.952,-0.001972,1980.062,0.003909,2159.527,0.005236,1787.134,0.001503,1395.007,0.000346,1232.838,0.000044,965.3638,0.000125,793.4086,0.000582,514
20101029,-0.047614,1816.92,-0.029154,2293.092,-0.005209,1969.748,0.001257,2162.241,0.006257,1798.316,0.002339,1398.27,0.000304,1233.213,0.000159,965.5173,0.000112,793.4974,0.001245,514.6
20101130,-0.018947,1782.495,-0.016369,2255.556,-0.007214,1955.538,-0.010132,2140.334,-0.012155,1776.458,-0.002914,1394.196,-0.000524,1232.567,0.000046,965.5617,0.000114,793.5879,0.000421,514.8
20101231,-0.033938,1722,-0.03845,2168.83,-0.038909,1879.45,-0.03125,2073.448,-0.022323,1736.802,-0.001872,1391.586,-0.000083,1232.464,0.00022,965.7741,0.00014,793.6987,0.001718,515.7
20110131,-0.033947,1663.544,-0.018943,2127.746,-0.000224,1879.029,0.004017,2081.777,0.006702,1748.442,0.001807,1394.1,0.001078,1233.793,0.000058,965.8301,0.000066,793.7511,0.004763,518.2
20110228,0.013722,1686.371,0.009301,2147.536,-0.000203,1878.648,-0.004725,2071.941,-0.00592,1738.091,-0.00124,1392.372,0.000241,1234.09,0.000142,965.9673,0.000122,793.8479,0.004931,520.7
20110331,0.002477,1690.548,0.000606,2148.838,-0.000481,1877.744,-0.001206,2069.442,-0.002384,1733.947,-0.001361,1390.477,0.000077,1234.185,0.000237,966.1962,0.000067,793.9009,0.009751,525.8
20110429,0.021352,1726.644,0.020522,2192.936,0.014547,1905.06,0.018198,2107.102,0.017115,1763.624,0.005492,1398.113,0.000672,1235.015,0.000208,966.3972,0.000053,793.943,0.006439,529.2
20110531,0.034299,1785.867,0.033069,2265.454,0.024937,1952.566,0.023058,2155.687,0.016184,1792.166,0.003772,1403.387,0.001021,1236.276,0.000064,966.459,0.000013,793.9533,0.004704,531.7
20110630,-0.020789,1748.74,-0.015913,2229.404,-0.005929,1940.989,-0.002822,2149.604,0.000608,1793.256,0.001331,1405.255,0.000198,1236.52,0.000103,966.5586,0.000035,793.9814,-0.001071,531.1
20110729,0.045989,1829.163,0.043219,2325.757,0.031082,2001.319,0.027002,2207.648,0.021177,1831.232,0.002698,1409.046,-0.000921,1235.382,-0.000083,966.4784,-0.000028,793.9592,0.000886,531.6
20110831,0.100108,2012.277,0.082606,2517.878,0.047503,2096.388,0.035711,2286.485,0.020564,1868.889,0.003605,1414.126,0.001945,1237.784,0.000231,966.7016,0.000083,794.0251,0.002758,533
20110930,0.138029,2290.029,0.072288,2699.891,0.029468,2158.164,0.009159,2307.427,0.002422,1873.416,-0.001143,1412.51,-0.001243,1236.246,0.000008,966.7093,-0.000001,794.0243,0.001518,533.9
20111031,-0.037082,2205.111,-0.022895,2638.077,-0.012101,2132.048,-0.005505,2294.724,0.000677,1874.684,0.001335,1414.395,0.00065,1237.049,0.000025,966.7335,0.000014,794.0354,-0.002063,532.8
20111130,0.021636,2252.82,0.016038,2680.386,0.008685,2150.565,0.005789,2308.008,0.002623,1879.601,0.000186,1414.658,0.000291,1237.409,0.000006,966.7393,0.000004,794.0386,-0.000844,532.3
20111230,0.034102,2329.646,0.027565,2754.271,0.019019,2191.467,0.014868,2342.324,0.006518,1891.853,0.000491,1415.353,-0.000495,1236.797,-0.000009,966.7306,0,794.0386,-0.002467,531
20120131,-0.005795,2316.146,0.000123,2754.61,0.008827,2210.811,0.010223,2366.27,0.007973,1906.936,0.000864,1416.576,0.00045,1237.353,-0.000048,966.6842,-0.000002,794.037,0.0044,533.3
20120229,-0.024496,2259.409,-0.020789,2697.344,-0.010592,2187.394,-0.007426,2348.698,-0.005721,1896.027,-0.001303,1414.73,-0.000635,1236.568,0.000018,966.7016,0.000031,794.0616,0.004403,535.7
20120330,-0.044988,2157.763,-0.035932,2600.423,-0.019458,2144.832,-0.011703,2321.211,-0.007109,1882.548,-0.000274,1414.342,-0.000285,1236.215,0.000088,966.7867,0.000046,794.0981,0.007595,539.7
20120430,0.047272,2259.765,0.04163,2708.679,0.028413,2205.773,0.021896,2372.036,0.012062,1905.255,0.002289,1417.58,0.000716,1237.1,0.000036,966.8215,0.000029,794.1212,0.003021,541.4
20120531,0.098554,2482.474,0.082921,2933.285,0.03144,2275.122,0.022031,2424.294,0.00839,1921.24,0.00029,1417.991,0.000108,1237.234,0.000175,966.9907,0.000065,794.1725,-0.001173,540.7
20120629,-0.019824,2433.261,-0.016865,2883.815,-0.006625,2260.05,-0.004542,2413.283,-0.001385,1918.579,-0.000607,1417.13,-0.000491,1236.627,0.000095,967.0825,0.000022,794.19,-0.001466,539.9
20120731,0.044671,2541.957,0.03525,2985.47,0.015792,2295.74,0.010579,2438.813,0.008221,1934.352,0.002624,1420.849,0.001154,1238.054,0.000102,967.1812,0.000032,794.2154,-0.00163,539.1
20120831,-0.019212,2493.121,-0.012587,2947.892,-0.002442,2290.134,-0.000892,2436.638,0.001074,1936.429,-0.000251,1420.492,-0.000172,1237.841,0.000123,967.3001,0.00005,794.2551,0.005565,542.1
20120928,-0.028056,2423.174,-0.020368,2887.849,-0.006372,2275.541,-0.001414,2433.193,0.000245,1936.904,0.000019,1420.519,0.000157,1238.035,0.000109,967.4056,0.000067,794.3083,0.004462,544.5
20121031,-0.003986,2413.515,-0.002611,2880.309,-0.002909,2268.922,-0.004347,2422.615,-0.003651,1929.832,-0.000574,1419.704,0.00008,1238.134,0.000067,967.4704,0.000037,794.3377,-0.000389,544.3
20121130,0.013069,2445.058,0.011232,2912.66,0.00938,2290.204,0.008396,2442.956,0.007181,1943.69,0.00103,1421.166,0.000265,1238.462,0.000195,967.6591,0.000085,794.4052,-0.004738,541.7
20121231,-0.025503,2382.701,-0.017688,2861.141,-0.008797,2270.057,-0.007175,2425.428,-0.003136,1937.595,0.000428,1421.774,0.000379,1238.932,0.000118,967.7733,0.000103,794.4873,-0.002693,540.2
20130131,-0.040356,2286.545,-0.032754,2767.428,-0.014939,2236.145,-0.010384,2400.242,-0.005317,1927.293,0.000317,1422.225,0.000448,1239.487,0.000019,967.7916,0.000022,794.5045,0.002957,541.8
20130228,0.01649,2324.25,0.012462,2801.915,0.011635,2262.163,0.011607,2428.101,0.006808,1940.414,0.000928,1423.545,0.000347,1239.917,0.000017,967.8081,0.000054,794.5473,0.00819,546.3
20130328,-0.000857,2322.258,-0.001676,2797.219,0.003768,2270.686,0.003451,2436.481,0.001281,1942.899,0.000045,1423.609,0.00017,1240.127,0.000143,967.9465,0.000041,794.58,0.002615,547.7
20130430,0.047396,2432.324,0.038864,2905.93,0.017563,2310.566,0.009879,2460.551,0.005781,1954.131,0.001233,1425.364,0.000714,1241.013,0.000165,968.1062,0.000037,794.6093,-0.00104,547.1
20130531,-0.069915,2262.268,-0.057787,2738.005,-0.031221,2238.428,-0.023619,2402.435,-0.014887,1925.04,-0.001478,1423.257,-0.000074,1240.921,0.000093,968.1962,0.000012,794.6192,0.00178,548.1
20130628,-0.039381,2173.178,-0.034452,2643.676,-0.029891,2171.519,-0.02459,2343.359,-0.016287,1893.687,-0.000671,1422.302,-0.000038,1240.874,0.000053,968.2475,0.000013,794.6296,0.0024,549.4
20130731,-0.022609,2124.044,-0.016208,2600.827,-0.004527,2161.689,0.000936,2345.553,0.002921,1899.219,0.001729,1424.762,0.000688,1241.728,0.000048,968.294,0.000009,794.6367,0.000394,549.6
20130830,-0.014221,2093.838,-0.011093,2571.976,-0.012869,2133.87,-0.013279,2314.406,-0.009388,1881.389,-0.001446,1422.701,-0.000054,1241.661,0.000072,968.3637,0.000009,794.6438,0.001203,550.3
20130930,0.005859,2106.106,0.008511,2593.866,0.017924,2172.118,0.0194,2359.306,0.014959,1909.532,0.002603,1426.405,0.000888,1242.763,0.00004,968.4025,0.000008,794.6502,0.001163,550.9
20131031,0.01125,2129.8,0.011196,2622.907,0.006915,2187.138,0.00556,2372.423,0.005137,1919.342,0.000952,1427.763,0.000122,1242.915,-0.000018,968.385,0.000017,794.6639,-0.002575,549.5
20131129,-0.027712,2070.779,-0.022515,2563.852,-0.012242,2160.363,-0.004939,2360.706,0.00081,1920.896,0.000946,1429.113,0.000042,1242.967,0.000063,968.446,0.000032,794.6893,-0.002042,548.4
20131231,-0.024415,2020.221,-0.020537,2511.198,-0.021754,2113.366,-0.019825,2313.905,-0.015095,1891.9,-0.001519,1426.942,0.000129,1243.127,0.000122,968.5642,0.000023,794.7076,-0.000086,548.4
20140131,0.071553,2164.774,0.057749,2656.218,0.035655,2188.718,0.023775,2368.918,0.014623,1919.566,0.001843,1429.572,0.000323,1243.529,0.000149,968.7085,0.000012,794.7175,0.00372,550.4
20140228,0.006347,2178.513,0.006708,2674.035,0.004406,2198.362,0.002768,2375.475,0.001652,1922.737,0.001181,1431.261,0.000266,1243.86,-0.000023,968.6862,0.000045,794.7533,0.003698,552.4
20140331,0.007647,2195.173,0.004409,2685.825,-0.003935,2189.711,-0.009167,2353.699,-0.007456,1908.401,-0.000862,1430.027,0.000359,1244.306,0.000096,968.7792,0.000028,794.7755,0.00644,556
20140430,0.020943,2241.146,0.017718,2733.413,0.008403,2208.111,0.007413,2371.147,0.005358,1918.626,0.001172,1431.703,0.00068,1245.152,0.000053,968.8306,0.000015,794.7874,0.003297,557.8
20140530,0.029472,2307.197,0.025147,2802.15,0.019118,2250.326,0.014396,2405.282,0.009674,1937.187,0.001989,1434.551,-0.000006,1245.145,0.000029,968.8587,0.000008,794.7938,0.003493,559.8
20140630,-0.003218,2299.773,-0.003278,2792.964,-0.002418,2244.885,-0.00266,2398.884,-0.001924,1933.46,-0.000501,1433.832,0.000004,1245.15,0.000042,968.8994,0.00002,794.8097,0.001862,560.8
20140731,0.011048,2325.18,0.008294,2816.129,-0.00016,2244.526,-0.003625,2390.188,-0.003838,1926.039,-0.000246,1433.479,0.000281,1245.5,0.000047,968.9449,0.000013,794.8199,-0.00039,560.6
20140829,0.049426,2440.105,0.038171,2923.624,0.018782,2286.682,0.014499,2424.843,0.008749,1942.89,0.001195,1435.192,0.000623,1246.276,0.000022,968.9662,0.000003,794.8223,-0.001671,559.7
20140930,-0.019667,2392.115,-0.015959,2876.966,-0.010631,2262.373,-0.008045,2405.336,-0.004205,1934.72,-0.000068,1435.095,0.000191,1246.514,0.000047,969.0117,0.000004,794.8255,0.000753,560.1
20141031,0.028148,2459.449,0.027575,2956.298,0.013129,2292.075,0.013729,2438.358,0.009374,1952.856,0.00262,1438.854,0.00019,1246.75,0.000001,969.0127,0.000012,794.8354,-0.002512,558.7
20141128,0.036108,2548.254,0.029607,3043.825,0.014195,2324.611,0.012307,2468.367,0.010032,1972.447,0.001547,1441.08,0.000189,1246.986,0.000034,969.0457,-0.000001,794.8346,-0.005399,555.6
20141231,0.030163,2625.117,0.028092,3129.332,0.001414,2327.898,-0.00373,2459.16,-0.004644,1963.287,-0.002899,1436.903,-0.000691,1246.124,0.000001,969.0467,0.000005,794.8386,-0.00567,552.5
20150130,0.114362,2925.331,0.075035,3364.142,0.042437,2426.687,0.036325,2548.489,0.025385,2013.125,0.0053,1444.518,0.001475,1247.962,0.000119,969.162,0.000013,794.8489,-0.004706,549.9
20150227,-0.068334,2725.431,-0.053983,3182.535,-0.025087,2365.809,-0.021312,2494.176,-0.014879,1983.172,-0.002444,1440.988,-0.000415,1247.445,-0.000005,969.1571,-0.000021,794.8322,0.004343,552.3
20150331,0.013548,2762.356,0.013056,3224.086,0.008166,2385.128,0.00884,2516.224,0.008815,2000.654,0.002385,1444.425,0.000509,1248.08,-0.000023,969.1348,-0.000008,794.8259,0.005952,555.6
20150430,-0.039444,2653.397,-0.025514,3141.827,-0.007957,2366.15,-0.003749,2506.791,-0.001265,1998.123,0.000965,1445.818,0.000592,1248.818,0.00008,969.2123,0.000029,794.849,0.002033,556.7
20150529,-0.030022,2573.737,-0.020597,3077.115,-0.003817,2357.118,-0.003667,2497.599,-0.000934,1996.257,0.000521,1446.572,0.000272,1249.158,0.000038,969.2492,-0.000005,794.8451,0.005097,559.5
20150630,-0.044036,2460.4,-0.027738,2991.762,-0.018369,2313.82,-0.011399,2469.129,-0.005355,1985.567,0.000394,1447.142,-0.000054,1249.091,0.000029,969.2773,0.000004,794.8482,0.003503,561.5
20150731,0.046044,2573.686,0.039302,3109.344,0.015146,2348.865,0.013578,2502.654,0.007164,1999.791,0.00075,1448.227,0.000121,1249.242,0.000006,969.2831,-0.000037,794.8184,0.000067,561.5
20150831,-0.010114,2547.656,-0.00734,3086.521,-0.001192,2346.066,-0.000304,2501.894,0.000371,2000.533,-0.00093,1446.88,0.000064,1249.322,0.000136,969.4149,0.000027,794.8399,-0.001416,560.7
20150930,0.024379,2609.766,0.024734,3162.863,0.017819,2387.87,0.015837,2541.516,0.012089,2024.718,0.003996,1452.662,0.001163,1250.775,0.000022,969.4363,-0.000006,794.8351,-0.001557,559.9
20151030,-0.011085,2580.836,-0.007161,3140.214,-0.007517,2369.92,-0.00803,2521.108,-0.005626,2013.326,-0.001092,1451.076,-0.000404,1250.269,-0.000129,969.3112,-0.000027,794.8137,-0.00045,559.6
20151130,-0.009328,2556.762,-0.00563,3122.535,-0.0035,2361.626,-0.004412,2509.985,-0.004427,2004.413,-0.002638,1447.248,-0.001749,1248.083,0.000089,969.3975,0.00002,794.8296,-0.002111,558.4
20151231,-0.006,2541.422,-0.004583,3108.224,-0.003769,2352.725,-0.004007,2499.927,-0.002052,2000.3,-0.000921,1445.915,0.000003,1248.086,0.000249,969.6388,0.000103,794.9117,-0.003417,556.5
20160129,0.057287,2687.012,0.049933,3263.427,0.02975,2422.718,0.030265,2575.587,0.022615,2045.537,0.006105,1454.742,0.002525,1251.238,-0.000057,969.5836,0.000037,794.9411,0.001653,557.4
20160229,0.02967,2766.736,0.028198,3355.449,0.016709,2463.2,0.010797,2603.396,0.006527,2058.888,0.001411,1456.795,0.000392,1251.728,0.000341,969.9142,0.000205,795.1041,0.000823,557.9
20160331,0.002899,2774.756,0.001023,3358.882,-0.001442,2459.648,0.000848,2605.604,0.00365,2066.403,0.001865,1459.512,0.001369,1253.442,0.000474,970.3739,0.00019,795.2548,0.004306,560.3
20160429,-0.011363,2743.227,-0.008669,3329.764,-0.004458,2448.683,-0.003913,2595.408,-0.003028,2060.146,-0.000426,1458.89,0.000666,1254.277,0.000254,970.6204,0.000051,795.2953,0.004741,563
20160531,0.007189,2762.948,0.007519,3354.8,0.001216,2451.66,-0.001491,2591.538,-0.001997,2056.032,-0.001043,1457.368,-0.000395,1253.781,0.000155,970.7709,0.000115,795.3868,0.004046,565.2
20160630,0.081482,2988.079,0.059325,3553.824,0.033345,2533.411,0.027573,2662.995,0.020241,2097.648,0.006537,1466.895,0.002989,1257.529,0.000437,971.1951,0.000188,795.536,0.003284,567.1
20160729,0.02354,3058.418,0.010644,3591.651,0.003269,2541.692,0.000892,2665.37,-0.000004,2097.64,-0.000304,1466.449,-0.000439,1256.977,0.000261,971.4486,0.000171,795.672,-0.001618,566.2
20160831,-0.007586,3035.217,-0.016033,3534.066,-0.00794,2521.511,-0.010214,2638.146,-0.007998,2080.863,-0.002592,1462.648,-0.000113,1256.835,0.000269,971.7099,0.000165,795.8033,0.000918,566.7
20160930,-0.01621,2986.016,-0.011125,3494.749,-0.001325,2518.17,0.004209,2649.25,0.003735,2088.635,0.001262,1464.494,0.000587,1257.572,0.000562,972.256,0.000219,795.9776,0.002404,568.1
20161031,-0.052765,2828.459,-0.033188,3378.766,-0.015542,2479.033,-0.010957,2620.222,-0.006222,2075.64,-0.000428,1463.867,0.000553,1258.268,0.000282,972.5302,0.000168,796.1113,0.001247,568.8
20161130,-0.092558,2566.662,-0.064666,3160.274,-0.040878,2377.695,-0.035318,2527.681,-0.023927,2025.976,-0.003813,1458.285,-0.00102,1256.985,0.000123,972.6498,0.000136,796.2196,-0.001555,567.9
20161230,-0.003585,2557.461,-0.002863,3151.226,-0.003537,2369.285,-0.000909,2525.383,0.00009,2026.158,-0.000514,1457.536,0.000545,1257.67,0.000437,973.0749,0.000239,796.4099,0.000327,568.1
20170131,0.003438,2566.253,0.001949,3157.368,0.002167,2374.419,0.002368,2531.364,0.002885,2032.004,0.000848,1458.772,0.001536,1259.601,0.000476,973.538,0.000358,796.695,0.005828,571.4
20170228,0.0147,2603.977,0.012049,3195.411,0.007423,2392.045,0.003661,2540.631,0.000809,2033.647,0.000628,1459.688,0.000055,1259.671,0.000352,973.8807,0.000364,796.985,0.003146,573.2
20170331,-0.000788,2601.925,0.000421,3196.757,0.002424,2397.843,0.003138,2548.603,0.00322,2040.196,0.001442,1461.793,0.000026,1259.703,0.000384,974.2547,0.000353,797.266,0.000813,573.6
20170428,0.01394,2638.196,0.013358,3239.459,0.011063,2424.37,0.009559,2572.965,0.007231,2054.948,0.001317,1463.718,0.000494,1260.326,0.000617,974.8558,0.000537,797.6942,0.002966,575.4
20170531,0.019849,2690.562,0.014953,3287.898,0.007856,2443.416,0.007299,2591.746,0.004701,2064.609,0.001096,1465.322,0.00073,1261.246,0.000588,975.429,0.000614,798.184,0.000855,575.8
20170630,0.011944,2722.698,0.000066,3288.115,-0.001307,2440.223,-0.005711,2576.944,-0.003845,2056.67,-0.000752,1464.22,0.00032,1261.649,0.000873,976.2805,0.000617,798.6764,0.000907,576.4
20170731,-0.014681,2682.726,-0.004422,3273.575,-0.000007,2440.206,0.004046,2587.37,0.004778,2066.497,0.001994,1467.14,0.00166,1263.744,0.000917,977.1758,0.000722,799.2531,-0.00069,576
20170831,0.038103,2784.946,0.029059,3368.702,0.017123,2481.989,0.012751,2620.362,0.00776,2082.533,0.001622,1469.52,0.001338,1265.435,0.000978,978.1315,0.000827,799.9144,0.002994,577.7
20170929,-0.02441,2716.965,-0.020094,3301.012,-0.017151,2439.421,-0.012461,2587.71,-0.008855,2064.092,-0.001865,1466.779,-0.000121,1265.281,0.000802,978.916,0.000944,800.6695,0.005295,580.8
20171031,-0.001464,2712.988,-0.000815,3298.321,-0.001133,2436.657,-0.001771,2583.127,-0.001956,2060.055,-0.000788,1465.623,0.00023,1265.572,0.000939,979.8352,0.00084,801.3421,-0.000632,580.4
20171130,0.012175,2746.018,0.004881,3314.42,-0.002607,2430.304,-0.002575,2576.475,-0.003261,2053.337,-0.001773,1463.025,-0.000667,1264.728,0.000951,980.767,0.000826,802.0037,0.000024,580.4
20171229,0.020232,2801.576,0.011229,3351.638,0.002222,2435.705,0.00029,2577.222,-0.000897,2051.495,-0.000203,1462.728,0.000146,1264.913,0.000942,981.6909,0.000884,802.7127,-0.000588,580.1
20180131,-0.036049,2700.582,-0.030502,3249.406,-0.023598,2378.227,-0.018556,2529.399,-0.012369,2026.12,-0.003274,1457.939,0.000496,1265.54,0.001346,983.0122,0.001121,803.6125,0.005448,583.2
20180228,-0.03529,2605.278,-0.022646,3175.82,-0.013002,2347.305,-0.00722,2511.137,-0.003601,2018.824,-0.000346,1457.434,0.000361,1265.997,0.000969,983.9647,0.001073,804.4748,0.004535,585.9
20180329,0.032371,2689.614,0.024809,3254.609,0.012783,2377.311,0.009382,2534.697,0.006214,2031.369,0.001743,1459.975,0.001566,1267.98,0.001145,985.0914,0.000261,804.6849,0.002261,587.2
20180430,-0.026111,2619.385,-0.020705,3187.222,-0.015476,2340.519,-0.012063,2504.121,-0.008743,2013.609,-0.001777,1457.38,0.000733,1268.909,0.001479,986.5483,0.001433,805.838,0.003975,589.5
20180531,0.022025,2677.077,0.01503,3235.126,0.009592,2362.97,0.009291,2527.386,0.007578,2028.868,0.003656,1462.708,0.002171,1271.664,0.001491,988.0193,0.001401,806.9672,0.004159,592
20180629,0.009223,2701.768,0.004947,3251.131,0.00226,2368.31,0.001257,2530.563,0.000589,2030.063,-0.000021,1462.678,0.001498,1273.569,0.001522,989.523,0.001408,808.1034,0.001594,592.9
20180731,-0.015182,2660.749,-0.012114,3211.746,-0.005108,2356.213,-0.003878,2520.75,-0.00233,2025.333,-0.000186,1462.406,0.001438,1275.4,0.001691,991.1963,0.001558,809.3625,0.000067,593
20180831,0.015453,2701.866,0.014525,3258.397,0.010064,2379.926,0.009101,2543.691,0.007665,2040.857,0.003675,1467.78,0.00243,1278.5,0.001675,992.8566,0.001575,810.6375,0.000556,593.3
20180928,-0.033121,2612.378,-0.024947,3177.11,-0.014807,2344.686,-0.010571,2516.802,-0.007518,2025.514,-0.001759,1465.198,0.000401,1279.012,0.001524,994.3697,0.00149,811.8453,0.001162,594
20181031,-0.032213,2528.225,-0.019438,3115.353,-0.004347,2334.494,0.000149,2517.177,0.001461,2028.473,0.00183,1467.879,0.002158,1281.772,0.001931,996.2898,0.00189,813.3797,0.001767,595
20181130,0.021458,2582.476,0.021685,3182.91,0.014917,2369.317,0.012931,2549.726,0.009218,2047.172,0.004099,1473.896,0.002183,1284.57,0.0019,998.1828,0.001795,814.8397,-0.003349,593
20181231,0.05661,2728.67,0.047374,3333.697,0.028561,2436.987,0.021851,2605.441,0.017452,2082.899,0.008316,1486.153,0.003538,1289.115,0.001935,1000.114,0.00193,816.4124,-0.003194,591.1
20190131,0.006251,2745.727,0.007664,3359.246,0.007138,2454.383,0.007007,2623.697,0.005508,2094.372,0.002568,1489.97,0.003047,1293.043,0.001923,1002.037,0.00192,817.9796,0.001907,592.3
20190228,-0.012107,2712.484,-0.010048,3325.492,-0.004272,2443.898,-0.004038,2613.102,-0.002041,2090.097,0.00061,1490.879,0.001884,1295.479,0.00174,1003.781,0.001809,819.4593,0.004227,594.8
20190329,0.055952,2864.253,0.046442,3479.935,0.029419,2515.795,0.021431,2669.104,0.016241,2124.042,0.006961,1501.257,0.003373,1299.849,0.001991,1005.78,0.001935,821.045,0.005641,598.1
20190430,-0.01975,2807.684,-0.014164,3430.645,-0.006214,2500.161,-0.002898,2661.369,-0.000107,2123.815,0.001933,1504.158,0.002157,1302.653,0.002044,1007.835,0.002125,822.7893,0.005295,601.3
20190531,0.076581,3022.699,0.054629,3618.058,0.031854,2579.802,0.026899,2732.957,0.019902,2166.083,0.008164,1516.438,0.003456,1307.155,0.002196,1010.049,0.001983,824.4209,0.002129,602.6
20190628,0.010051,3053.08,0.012249,3662.375,0.012073,2610.947,0.010693,2762.18,0.008867,2185.29,0.004399,1523.109,0.003795,1312.115,0.002163,1012.233,0.001853,825.9486,0.000199,602.7
20190731,0.003196,3062.838,0.003457,3675.036,0.003435,2619.916,0.000797,2764.382,-0.001159,2182.757,-0.000671,1522.087,0.000662,1312.984,0.002002,1014.26,0.001783,827.4214,0.001671,603.7
20190830,0.125914,3448.492,0.079334,3966.592,0.040344,2725.614,0.027963,2841.682,0.022261,2231.347,0.008336,1534.775,0.003716,1317.863,0.001762,1016.047,0.001908,829.0001,-0.000051,603.7
20190930,-0.03048,3343.382,-0.019738,3888.299,-0.013852,2687.859,-0.009262,2815.363,-0.005911,2218.158,-0.001297,1532.785,0.000941,1319.103,0.001968,1018.047,0.001787,830.4815,0.000783,604.1
20191031,-0.012836,3300.466,-0.008841,3853.923,-0.000742,2685.864,0.002008,2821.016,0.002643,2224.021,0.003274,1537.803,0.003283,1323.434,0.001961,1020.043,0.001531,831.7528,0.002286,605.5
20191129,-0.004773,3284.713,-0.007468,3825.141,-0.00741,2665.962,-0.00639,2802.99,-0.003725,2215.736,-0.001038,1536.207,0.000411,1323.978,0.00113,1021.196,0.001197,832.7484,-0.000536,605.2
20191231,-0.036467,3164.93,-0.02315,3736.589,-0.011292,2635.858,-0.005232,2788.324,-0.000824,2213.91,0.002274,1539.7,0.00175,1326.295,0.001498,1022.725,0.001431,833.94,-0.00091,604.6
20200131,0.089398,3447.868,0.064401,3977.23,0.039182,2739.136,0.028826,2868.7,0.019282,2256.599,0.006337,1549.457,0.002563,1329.694,0.001308,1024.063,0.001164,834.9106,0.00388,607
20200228,0.074637,3705.207,0.052398,4185.628,0.029902,2821.042,0.024556,2939.144,0.018282,2297.854,0.008698,1562.934,0.004675,1335.91,0.001513,1025.612,0.001208,835.9192,0.002741,608.7
20200331,0.085438,4021.772,0.06534,4459.117,0.039709,2933.063,0.036355,3045.997,0.027033,2359.972,0.014069,1584.923,0.009605,1348.742,0.003067,1028.758,0.001268,836.9794,-0.002176,607.3
20200430,0.009766,4061.049,0.00088,4463.041,0.005024,2947.798,0.001309,3049.984,0.001673,2363.92,0.001034,1586.562,0.000056,1348.817,0.000116,1028.877,0.000003,836.9822,-0.006687,603.3
20200529,-0.023607,3965.179,-0.005622,4437.95,0.000713,2949.9,0.002889,3058.796,0.003103,2371.255,0.000826,1587.873,-0.000148,1348.618,0.000029,1028.907,0.000059,837.0315,0.00002,603.3
20200630,0.000237,3966.119,0.001052,4442.619,0.000388,2951.045,0.00149,3063.353,0.002134,2376.316,0.000515,1588.69,0.000373,1349.121,0.000155,1029.067,0.000111,837.1246,0.005472,606.6
20200731,0.056713,4191.05,0.031622,4583.103,0.012821,2988.88,0.007492,3086.304,0.003856,2385.479,0.00103,1590.327,0.000759,1350.145,0.00033,1029.406,0.000096,837.2049,0.005058,609.6
20200831,-0.06758,3907.819,-0.03698,4413.62,-0.014709,2944.917,-0.006071,3067.567,-0.001671,2381.493,-0.000208,1589.996,0.000005,1350.151,0.000069,1029.477,0.000079,837.271,0.003153,611.6
20200930,0.005791,3930.449,0.003967,4431.129,0.00256,2952.456,0.002053,3073.865,0.000236,2382.055,-0.000174,1589.719,0.000174,1350.386,0.000099,1029.579,0.000076,837.3346,0.001393,612.4
20201030,-0.046769,3746.626,-0.026512,4313.651,-0.017311,2901.346,-0.01045,3041.743,-0.004806,2370.606,-0.000383,1589.11,-0.000086,1350.27,0.000067,1029.648,0.000073,837.3958,0.000415,612.7
20201130,0.022611,3831.341,0.01315,4370.376,0.004016,2912.997,0.004213,3054.557,0.001938,2375.201,0.000574,1590.023,0.00052,1350.972,0.000096,1029.747,0.000066,837.451,-0.000611,612.3
20201231,-0.019275,3757.491,-0.015264,4303.666,-0.004965,2898.534,-0.001264,3050.697,0.000855,2377.232,0.000738,1591.196,0.000297,1351.374,0.000054,1029.803,0.00006,837.5015,0.000941,612.9
